,Company,Model,Year,Price in Lak,Fuel,Kilometer,City,EMIstarts
0,Toyota,Innova 2,2013,7.85,Diesel,"1,89",Mumbai,"₹13,036"
1,Hyundai,Verna 1,2018,7.5,Petrol,"16,339",Kolkata,"₹12,455"
2,Volkswagen,Ameo Highline,2016,6.5,Diesel,"68,962",Jalgaon,
3,BMW,7 Series,2011,15.9,Diesel,"75,000",Lucknow,
4,Maruti,Suzuki Swift,2014,4.4,Petrol,"32,682",Mumbai,"₹7,306"
5,Chevrolet,Spark LS,2013,1.75,Petrol,"66,000",Lucknow,"₹2,906"
6,Maruti,Suzuki Ertiga,2017,,CNG,"83,226",Mumbai,"₹13,285"
7,MG,ZS EV,2020,,Electric,"68,894",Mumbai,"₹31,552"
8,Maruti,Suzuki Wagon,2015,3.85,Petrol,"55,488",Lucknow,"₹6,393"
9,Toyota,Etios,2013,4.25,Petrol,"51,602",Pune,"₹7,057"
10,Skoda,Rapid 1,2015,5.5,Petrol,"34,559",Pune,"₹9,133"
11,Hyundai,Creta E,2019,11.5,Diesel,"14,941",Pune,"₹19,097"
12,Hyundai,Verna Fluidic,2014,5.5,Diesel,"79,649",Pune,"₹9,133"
13,Hyundai,Grand i10,2019,5.25,Petrol,"44,620",Delhi,"₹8,718"
14,Honda,Amaze 1,2017,5.35,Petrol,"58,235",Delhi,
15,Ford,Endeavour Titanium,2017,,Diesel,"71,788",Hyderabad,
16,Hyundai,i20 Magna,2013,3.75,Petrol,"79,289",Kanpur,"₹6,227"
17,Maruti,Suzuki Vitara,2017,6.7,Diesel,"78,184",Delhi,"₹11,126"
18,Renault,Kwid RXT,2021,4.15,Petrol,"3,436",Kanpur,"₹6,891"
19,Maruti,Suzuki Ciaz,2017,8.25,Petrol,"41,468",Delhi,
20,Maruti,Suzuki Alto,2014,2.65,CNG,"65,952",Delhi,"₹4,400"
21,Honda,City 1,2014,5.78,Petrol,"47,554",Delhi,"₹9,598"
22,Maruti,Suzuki Swift,2019,5.8,Petrol,"58,595",Delhi,"₹9,631"
23,Mahindra,XUV500 W8,2013,6.58,Diesel,"58,865",Jamshedpur,"₹10,927"
24,Hyundai,Grand i10,2018,4.75,Petrol,"40,699",Lucknow,"₹7,888"
25,Mercedes,Benz C,2019,,Petrol,"15,971",Mumbai,"₹64,766"
26,Toyota,Innova Crysta,2021,,Diesel,"19,742",Mumbai,"₹51,480"
27,Honda,City V,2018,9.2,Petrol,"22,117",Mumbai,"₹15,278"
28,Hyundai,Creta SX,2018,11.9,Petrol,"50,824",Mumbai,"₹19,761"
29,Maruti,Suzuki Swift,2017,6.25,Diesel,"24,982",Mumbai,"₹10,379"
30,Maruti,Suzuki Vitara,2019,8.7,Diesel,"44,091",Pune,"₹14,447"
31,Hyundai,Elite i20,2017,6.11,Petrol,"51,349",Nagpur,"₹10,146"
32,Maruti,Suzuki Swift,2019,7.85,Petrol,"32,516",Bangalore,"₹13,036"
33,Volvo,V40 D3,2015,,Diesel,"50,965",Kolkata,"₹19,928"
34,Mercedes,Benz GLE,2018,,Diesel,"43,000",Mumbai,"₹83,033"
35,Audi,A6 2,2013,,Diesel,"70,143",Chennai,
36,Honda,City V,2015,6.5,Petrol,"98,000",Panchkula,"₹10,794"
37,MG,Gloster Savvy,2021,,Diesel,"29,699",Hyderabad,"₹63,105"
38,Maruti,Suzuki Swift,2015,5.45,Diesel,"49,000",Mumbai,"₹9,050"
39,Maruti,Suzuki Wagon,2015,3.85,Petrol,"55,488",Lucknow,"₹6,393"
40,Toyota,Etios,2013,4.25,Petrol,"51,602",Pune,"₹7,057"
41,Skoda,Rapid 1,2015,5.5,Petrol,"34,559",Pune,"₹9,133"
42,Hyundai,Creta E,2019,11.5,Diesel,"14,941",Pune,"₹19,097"
43,Hyundai,Verna Fluidic,2014,5.5,Diesel,"79,649",Pune,"₹9,133"
44,Hyundai,Grand i10,2019,5.25,Petrol,"44,620",Delhi,"₹8,718"
45,Honda,Amaze 1,2017,5.35,Petrol,"58,235",Delhi,
46,Hyundai,Verna 1,2018,7.5,Petrol,"16,339",Kolkata,"₹12,455"
47,Ford,Endeavour Titanium,2017,,Diesel,"71,788",Hyderabad,
48,Hyundai,i20 Magna,2013,3.75,Petrol,"79,289",Kanpur,"₹6,227"
49,Honda,City VX,2016,7.9,Petrol,"68,085",Pune,"₹13,119"
50,Volkswagen,Ameo Highline1,2018,6.9,Diesel,"74,290",Pune,"₹11,458"
51,Maruti,Suzuki Celerio,2022,5.95,Petrol,"12,290",Pune,"₹9,880"
52,Maruti,Suzuki Wagon,2018,4.75,CNG,"89,739",Pune,"₹7,888"
53,Maruti,Suzuki Vitara,2019,8.7,Diesel,"44,091",Pune,"₹14,447"
54,Mercedes,Benz C,2019,,Petrol,"15,971",Mumbai,"₹64,766"
55,Toyota,Innova Crysta,2021,,Diesel,"19,742",Mumbai,"₹51,480"
56,Honda,City V,2018,9.2,Petrol,"22,117",Mumbai,"₹15,278"
57,Hyundai,Creta SX,2018,11.9,Petrol,"50,824",Mumbai,"₹19,761"
58,Maruti,Suzuki Swift,2017,6.25,Diesel,"24,982",Mumbai,"₹10,379"
59,Mahindra,XUV500 W8,2013,6.58,Diesel,"58,865",Jamshedpur,"₹10,927"
60,Maruti,Suzuki Vitara,2017,6.7,Diesel,"78,184",Delhi,"₹11,126"
61,Renault,Kwid RXT,2021,4.15,Petrol,"3,436",Kanpur,"₹6,891"
62,Maruti,Suzuki Ciaz,2017,8.25,Petrol,"41,468",Delhi,
63,Volkswagen,Ameo Highline,2016,6.5,Diesel,"68,962",Jalgaon,
64,Maruti,Suzuki Swift,2015,5.45,Diesel,"49,000",Mumbai,"₹9,050"
65,BMW,5 Series,2017,,Diesel,"13,687",Mumbai,"₹81,372"
66,Hyundai,Verna 1,2019,9.2,Diesel,"65,094",Kolkata,"₹15,278"
67,MINI,Countryman Cooper,2021,40.95,Petrol,"9,700",Indore,"₹68,004"
68,Mercedes,Benz G,2017,1.55,Petrol,"49,000",Gurgaon,₹2.57 L
69,Maruti,Suzuki Dzire,2019,6.25,Petrol,"27,385",Mumbai,
70,BMW,X1 sDrive20,2013,17.75,Diesel,"33,000",Bangalore,"₹29,476"
71,Maruti,Suzuki Wagon,2015,3.85,Petrol,"55,488",Lucknow,"₹6,393"
72,Toyota,Etios,2013,4.25,Petrol,"51,602",Pune,"₹7,057"
73,Skoda,Rapid 1,2015,5.5,Petrol,"34,559",Pune,"₹9,133"
74,Hyundai,Creta E,2019,11.5,Diesel,"14,941",Pune,"₹19,097"
75,Hyundai,Verna Fluidic,2014,5.5,Diesel,"79,649",Pune,"₹9,133"
76,Hyundai,Grand i10,2019,5.25,Petrol,"44,620",Delhi,"₹8,718"
77,Honda,Amaze 1,2017,5.35,Petrol,"58,235",Delhi,
78,Hyundai,Verna 1,2018,7.5,Petrol,"16,339",Kolkata,"₹12,455"
79,Ford,Endeavour Titanium,2017,,Diesel,"71,788",Hyderabad,
80,Hyundai,i20 Magna,2013,3.75,Petrol,"79,289",Kanpur,"₹6,227"
81,Maruti,Suzuki Vitara,2017,6.7,Diesel,"78,184",Delhi,"₹11,126"
82,Renault,Kwid RXT,2021,4.15,Petrol,"3,436",Kanpur,"₹6,891"
83,Maruti,Suzuki Ciaz,2017,8.25,Petrol,"41,468",Delhi,
84,Honda,City 1,2014,5.78,Petrol,"47,554",Delhi,"₹9,598"
85,Maruti,Suzuki Alto,2014,2.65,CNG,"65,952",Delhi,"₹4,400"
86,Maruti,Suzuki Swift,2019,5.8,Petrol,"58,595",Delhi,"₹9,631"
87,Mahindra,XUV500 W8,2013,6.58,Diesel,"58,865",Jamshedpur,"₹10,927"
88,Hyundai,Grand i10,2018,4.75,Petrol,"40,699",Lucknow,"₹7,888"
89,Toyota,Innova Crysta,2021,,Diesel,"19,742",Mumbai,"₹51,480"
90,Honda,City V,2018,9.2,Petrol,"22,117",Mumbai,"₹15,278"
91,Hyundai,Creta SX,2018,11.9,Petrol,"50,824",Mumbai,"₹19,761"
92,Maruti,Suzuki Swift,2017,6.25,Diesel,"24,982",Mumbai,"₹10,379"
93,Mercedes,Benz C,2019,,Petrol,"15,971",Mumbai,"₹64,766"
94,MINI,Cooper,2021,,Petrol,"11,725",Mumbai,"₹69,748"
95,Ford,Figo Duratorq,2013,2.99,Diesel,"64,983",Mumbai,"₹4,965"
96,Maruti,Suzuki Ciaz,2019,10.75,Petrol,"30,672",Bangalore,"₹17,852"
97,Maruti,Suzuki Swift,2019,7.85,Petrol,"32,516",Bangalore,"₹13,036"
98,Maruti,Suzuki Alto,2010,2.3,Petrol,"79,000",Mohali,
99,Toyota,Fortuner 2,2016,,Diesel,"1,06",Mumbai,"₹49,820"
100,Maruti,Suzuki Swift,2021,7.65,Petrol,"10,906",Thane,"₹12,704"
101,Tata,Tigor Revotron,2019,4.99,Petrol,"54,299",Ranchi,"₹8,286"
102,Maruti,Suzuki Swift,2017,5.95,Diesel,"65,000",Delhi,"₹9,880"
103,Maruti,Suzuki Wagon,2015,3.85,Petrol,"55,488",Lucknow,"₹6,393"
104,Toyota,Etios,2013,4.25,Petrol,"51,602",Pune,"₹7,057"
105,Skoda,Rapid 1,2015,5.5,Petrol,"34,559",Pune,"₹9,133"
106,Hyundai,Creta E,2019,11.5,Diesel,"14,941",Pune,"₹19,097"
107,Hyundai,Verna Fluidic,2014,5.5,Diesel,"79,649",Pune,"₹9,133"
108,Hyundai,Grand i10,2019,5.25,Petrol,"44,620",Delhi,"₹8,718"
109,Honda,Amaze 1,2017,5.35,Petrol,"58,235",Delhi,
110,Hyundai,Verna 1,2018,7.5,Petrol,"16,339",Kolkata,"₹12,455"
111,Ford,Endeavour Titanium,2017,,Diesel,"71,788",Hyderabad,
112,Hyundai,i20 Magna,2013,3.75,Petrol,"79,289",Kanpur,"₹6,227"
113,Hyundai,Verna Fluidic,2013,5.7,Diesel,"79,592",Lucknow,"₹9,465"
114,Maruti,Suzuki Alto,2014,2.65,CNG,"65,952",Delhi,"₹4,400"
115,Honda,City 1,2014,5.78,Petrol,"47,554",Delhi,"₹9,598"
116,Maruti,Suzuki Vitara,2017,6.7,Diesel,"78,184",Delhi,"₹11,126"
117,Renault,Kwid RXT,2021,4.15,Petrol,"3,436",Kanpur,"₹6,891"
118,Maruti,Suzuki Ciaz,2017,8.25,Petrol,"41,468",Delhi,
119,Mahindra,XUV500 W8,2013,6.58,Diesel,"58,865",Jamshedpur,"₹10,927"
120,Maruti,Suzuki Swift,2019,5.8,Petrol,"58,595",Delhi,"₹9,631"
121,Hyundai,Grand i10,2018,4.75,Petrol,"40,699",Lucknow,"₹7,888"
122,Mercedes,Benz C,2019,,Petrol,"15,971",Mumbai,"₹64,766"
123,Toyota,Innova Crysta,2021,,Diesel,"19,742",Mumbai,"₹51,480"
124,Honda,City V,2018,9.2,Petrol,"22,117",Mumbai,"₹15,278"
125,Hyundai,Creta SX,2018,11.9,Petrol,"50,824",Mumbai,"₹19,761"
126,Maruti,Suzuki Swift,2017,6.25,Diesel,"24,982",Mumbai,"₹10,379"
127,Honda,City V,2017,7.5,Petrol,"70,000",Jaipur,"₹12,455"
128,Mahindra,XUV500 W,2016,8.5,Diesel,"1,14",Lucknow,"₹14,115"
129,Mercedes,Benz CLA,2018,31.5,Diesel,"23,000",Mumbai,"₹52,311"
130,Kia,Carnival Limousine,2021,33.5,Diesel,"30,000",Gurgaon,"₹55,632"
131,Maruti,Suzuki Estilo,2014,2.6,Petrol,"58,000",Mumbai,"₹4,317"
132,Volvo,V40 D3,2015,,Diesel,"50,965",Kolkata,"₹19,928"
133,Toyota,Fortuner 3,2015,19.75,Diesel,"99,000",Mumbai,"₹32,798"
134,Mahindra,Bolero Power,2018,8.5,Diesel,"66,000",Jaipur,"₹14,115"
135,Maruti,Suzuki Wagon,2015,3.85,Petrol,"55,488",Lucknow,"₹6,393"
136,Toyota,Etios,2013,4.25,Petrol,"51,602",Pune,"₹7,057"
137,Skoda,Rapid 1,2015,5.5,Petrol,"34,559",Pune,"₹9,133"
138,Hyundai,Creta E,2019,11.5,Diesel,"14,941",Pune,"₹19,097"
139,Hyundai,Verna Fluidic,2014,5.5,Diesel,"79,649",Pune,"₹9,133"
140,Hyundai,Grand i10,2019,5.25,Petrol,"44,620",Delhi,"₹8,718"
141,Honda,Amaze 1,2017,5.35,Petrol,"58,235",Delhi,
142,Hyundai,Verna 1,2018,7.5,Petrol,"16,339",Kolkata,"₹12,455"
143,Ford,Endeavour Titanium,2017,,Diesel,"71,788",Hyderabad,
144,Hyundai,i20 Magna,2013,3.75,Petrol,"79,289",Kanpur,"₹6,227"
145,Maruti,Suzuki Vitara,2017,6.7,Diesel,"78,184",Delhi,"₹11,126"
146,Renault,Kwid RXT,2021,4.15,Petrol,"3,436",Kanpur,"₹6,891"
147,Maruti,Suzuki Ciaz,2017,8.25,Petrol,"41,468",Delhi,
148,Maruti,Suzuki Alto,2014,2.65,CNG,"65,952",Delhi,"₹4,400"
149,Honda,City 1,2014,5.78,Petrol,"47,554",Delhi,"₹9,598"
150,Maruti,Suzuki Swift,2019,5.8,Petrol,"58,595",Delhi,"₹9,631"
151,Mahindra,XUV500 W8,2013,6.58,Diesel,"58,865",Jamshedpur,"₹10,927"
152,Hyundai,Grand i10,2018,4.75,Petrol,"40,699",Lucknow,"₹7,888"
153,Mercedes,Benz C,2019,,Petrol,"15,971",Mumbai,"₹64,766"
154,Toyota,Innova Crysta,2021,,Diesel,"19,742",Mumbai,"₹51,480"
155,Honda,City V,2018,9.2,Petrol,"22,117",Mumbai,"₹15,278"
156,Hyundai,Creta SX,2018,11.9,Petrol,"50,824",Mumbai,"₹19,761"
157,Maruti,Suzuki Swift,2017,6.25,Diesel,"24,982",Mumbai,"₹10,379"
158,Maruti,Suzuki Vitara,2019,8.7,Diesel,"44,091",Pune,"₹14,447"
159,Maruti,Suzuki Dzire,2017,6.99,Petrol,"30,989",Mangalore,"₹11,608"
160,BMW,5 Series,2017,32.95,Diesel,"56,500",Mumbai,
161,Jaguar,XJ L,2017,,Diesel,"31,000",Pune,"₹96,318"
162,Chevrolet,Beat LT,2011,1.75,Petrol,"42,000",Patna,
163,BMW,7 Series,2012,27.5,Diesel,"41,000",Mumbai,
164,Honda,City 1,2014,5.78,Petrol,"47,554",Delhi,"₹9,598"
165,Mercedes,Benz E,2012,13.99,Diesel,"55,000",Pune,
166,Toyota,Innova Crysta,2018,18.31,Diesel,"77,000",Delhi,"₹30,406"
167,Maruti,Suzuki Wagon,2015,3.85,Petrol,"55,488",Lucknow,"₹6,393"
168,Toyota,Etios,2013,4.25,Petrol,"51,602",Pune,"₹7,057"
169,Skoda,Rapid 1,2015,5.5,Petrol,"34,559",Pune,"₹9,133"
170,Hyundai,Creta E,2019,11.5,Diesel,"14,941",Pune,"₹19,097"
171,Hyundai,Verna Fluidic,2014,5.5,Diesel,"79,649",Pune,"₹9,133"
172,Hyundai,Grand i10,2019,5.25,Petrol,"44,620",Delhi,"₹8,718"
173,Honda,Amaze 1,2017,5.35,Petrol,"58,235",Delhi,
174,Hyundai,Verna 1,2018,7.5,Petrol,"16,339",Kolkata,"₹12,455"
175,Ford,Endeavour Titanium,2017,,Diesel,"71,788",Hyderabad,
176,Hyundai,i20 Magna,2013,3.75,Petrol,"79,289",Kanpur,"₹6,227"
177,MINI,Cooper,2021,,Petrol,"11,725",Mumbai,"₹69,748"
178,Honda,City VX,2016,7.9,Petrol,"68,085",Pune,"₹13,119"
179,Volkswagen,Ameo Highline1,2018,6.9,Diesel,"74,290",Pune,"₹11,458"
180,Maruti,Suzuki Celerio,2022,5.95,Petrol,"12,290",Pune,"₹9,880"
181,Maruti,Suzuki Wagon,2018,4.75,CNG,"89,739",Pune,"₹7,888"
182,Maruti,Suzuki Vitara,2019,8.7,Diesel,"44,091",Pune,"₹14,447"
183,Maruti,Suzuki Vitara,2017,6.7,Diesel,"78,184",Delhi,"₹11,126"
184,Renault,Kwid RXT,2021,4.15,Petrol,"3,436",Kanpur,"₹6,891"
185,Maruti,Suzuki Ciaz,2017,8.25,Petrol,"41,468",Delhi,
186,Maruti,Suzuki Alto,2014,2.65,CNG,"65,952",Delhi,"₹4,400"
187,Maruti,Suzuki Swift,2019,5.8,Petrol,"58,595",Delhi,"₹9,631"
188,Mahindra,XUV500 W8,2013,6.58,Diesel,"58,865",Jamshedpur,"₹10,927"
189,Hyundai,Grand i10,2018,4.75,Petrol,"40,699",Lucknow,"₹7,888"
190,Jeep,Compass Limited,2019,17.45,Petrol,"46,000",Mumbai,"₹28,978"
191,BMW,6 Series,2019,53.75,Petrol,"32,000",Mumbai,"₹89,260"
192,Mercedes,Benz C,2019,33.5,Petrol,"50,701",Mumbai,"₹55,632"
193,Hyundai,i10 Sportz,2009,2.15,Petrol,"57,000",Kanpur,
194,Hyundai,Grand i10,2020,7.3,Petrol,"7,230",Mumbai,"₹12,122"
195,Mahindra,Scorpio SLE,2014,,Diesel,"78,000",Gurgaon,"₹6,642"
196,Mercedes,Benz E,2022,,Diesel,"11,000",Delhi,
197,Maruti,Suzuki Swift,2016,5.45,Diesel,"67,226",Kanpur,"₹9,050"
198,Maruti,Suzuki Wagon,2015,3.85,Petrol,"55,488",Lucknow,"₹6,393"
199,Toyota,Etios,2013,4.25,Petrol,"51,602",Pune,"₹7,057"
200,Skoda,Rapid 1,2015,5.5,Petrol,"34,559",Pune,"₹9,133"
201,Hyundai,Creta E,2019,11.5,Diesel,"14,941",Pune,"₹19,097"
202,Hyundai,Verna Fluidic,2014,5.5,Diesel,"79,649",Pune,"₹9,133"
203,Hyundai,Grand i10,2019,5.25,Petrol,"44,620",Delhi,"₹8,718"
204,Honda,Amaze 1,2017,5.35,Petrol,"58,235",Delhi,
205,Hyundai,Verna 1,2018,7.5,Petrol,"16,339",Kolkata,"₹12,455"
206,Ford,Endeavour Titanium,2017,,Diesel,"71,788",Hyderabad,
207,Hyundai,i20 Magna,2013,3.75,Petrol,"79,289",Kanpur,"₹6,227"
208,Honda,City VX,2016,7.9,Petrol,"68,085",Pune,"₹13,119"
209,Volkswagen,Ameo Highline1,2018,6.9,Diesel,"74,290",Pune,"₹11,458"
210,Maruti,Suzuki Celerio,2022,5.95,Petrol,"12,290",Pune,"₹9,880"
211,Maruti,Suzuki Wagon,2018,4.75,CNG,"89,739",Pune,"₹7,888"
212,Maruti,Suzuki Vitara,2019,8.7,Diesel,"44,091",Pune,"₹14,447"
213,Mercedes,Benz C,2019,,Petrol,"15,971",Mumbai,"₹64,766"
214,Toyota,Innova Crysta,2021,,Diesel,"19,742",Mumbai,"₹51,480"
215,Honda,City V,2018,9.2,Petrol,"22,117",Mumbai,"₹15,278"
216,Hyundai,Creta SX,2018,11.9,Petrol,"50,824",Mumbai,"₹19,761"
217,Maruti,Suzuki Swift,2017,6.25,Diesel,"24,982",Mumbai,"₹10,379"
218,Mahindra,XUV500 W8,2013,6.58,Diesel,"58,865",Jamshedpur,"₹10,927"
219,Maruti,Suzuki Vitara,2017,6.7,Diesel,"78,184",Delhi,"₹11,126"
220,Renault,Kwid RXT,2021,4.15,Petrol,"3,436",Kanpur,"₹6,891"
221,Maruti,Suzuki Ciaz,2017,8.25,Petrol,"41,468",Delhi,
222,Ford,EcoSport Trend,2015,3.9,Diesel,"80,600",Gurgaon,"₹6,476"
223,Volkswagen,Jetta Trendline,2014,4.95,Petrol,"42,000",Mumbai,"₹8,220"
224,BMW,3 Series,2020,,Diesel,"46,000",Hyderabad,"₹69,748"
225,Toyota,Glanza G,2020,7.9,Petrol,"40,000",Delhi,"₹13,119"
226,Skoda,Yeti Ambient,2011,4.9,Diesel,"78,000",Ahmedabad,
227,Hyundai,Creta 1,2016,10.75,Diesel,"43,000",Mumbai,"₹17,852"
228,Hyundai,Creta SX,2020,18.25,Diesel,"54,234",Udupi,"₹30,307"
229,MG,Hector Sharp,2020,17.8,Diesel,"65,433",Lucknow,"₹29,559"
230,Maruti,Suzuki Wagon,2015,3.85,Petrol,"55,488",Lucknow,"₹6,393"
231,Toyota,Etios,2013,4.25,Petrol,"51,602",Pune,"₹7,057"
232,Skoda,Rapid 1,2015,5.5,Petrol,"34,559",Pune,"₹9,133"
233,Hyundai,Creta E,2019,11.5,Diesel,"14,941",Pune,"₹19,097"
234,Hyundai,Verna Fluidic,2014,5.5,Diesel,"79,649",Pune,"₹9,133"
235,Hyundai,Grand i10,2019,5.25,Petrol,"44,620",Delhi,"₹8,718"
236,Honda,Amaze 1,2017,5.35,Petrol,"58,235",Delhi,
237,Hyundai,Verna 1,2018,7.5,Petrol,"16,339",Kolkata,"₹12,455"
238,Ford,Endeavour Titanium,2017,,Diesel,"71,788",Hyderabad,
239,Hyundai,i20 Magna,2013,3.75,Petrol,"79,289",Kanpur,"₹6,227"
240,Maruti,Suzuki Vitara,2017,6.7,Diesel,"78,184",Delhi,"₹11,126"
241,Renault,Kwid RXT,2021,4.15,Petrol,"3,436",Kanpur,"₹6,891"
242,Maruti,Suzuki Ciaz,2017,8.25,Petrol,"41,468",Delhi,
243,Maruti,Suzuki Alto,2014,2.65,CNG,"65,952",Delhi,"₹4,400"
244,Honda,City 1,2014,5.78,Petrol,"47,554",Delhi,"₹9,598"
245,Maruti,Suzuki Swift,2019,5.8,Petrol,"58,595",Delhi,"₹9,631"
246,Mahindra,XUV500 W8,2013,6.58,Diesel,"58,865",Jamshedpur,"₹10,927"
247,Hyundai,Grand i10,2018,4.75,Petrol,"40,699",Lucknow,"₹7,888"
248,Mercedes,Benz C,2019,,Petrol,"15,971",Mumbai,"₹64,766"
249,Toyota,Innova Crysta,2021,,Diesel,"19,742",Mumbai,"₹51,480"
250,Honda,City V,2018,9.2,Petrol,"22,117",Mumbai,"₹15,278"
251,Hyundai,Creta SX,2018,11.9,Petrol,"50,824",Mumbai,"₹19,761"
252,Maruti,Suzuki Swift,2017,6.25,Diesel,"24,982",Mumbai,"₹10,379"
253,Maruti,Suzuki Vitara,2019,8.7,Diesel,"44,091",Pune,"₹14,447"
254,Hyundai,Elite i20,2019,9.25,Petrol,"37,000",Bangalore,"₹15,361"
255,Honda,Amaze 1,2014,4.15,Petrol,"28,000",Mumbai,
256,Volkswagen,Vento Highline,2015,5.25,Petrol,"92,194",Mumbai,"₹8,718"
257,Hyundai,i10 Magna,2008,1.1,Petrol,"68,187",Berhampore,
258,BMW,3 Series,2016,,Diesel,"61,100",Mumbai,"₹44,838"
259,Porsche,Panamera GT,2022,2.38,Petrol,"1,900",Mumbai,₹3.95 L
260,Hyundai,Eon Magna,2012,1.85,Petrol,"55,700",Jamshedpur,"₹3,072"
261,Honda,City VX,2018,9.95,Petrol,"42,000",Delhi,"₹16,523"
262,Maruti,Suzuki Wagon,2015,3.85,Petrol,"55,488",Lucknow,"₹6,393"
263,Toyota,Etios,2013,4.25,Petrol,"51,602",Pune,"₹7,057"
264,Skoda,Rapid 1,2015,5.5,Petrol,"34,559",Pune,"₹9,133"
265,Hyundai,Creta E,2019,11.5,Diesel,"14,941",Pune,"₹19,097"
266,Hyundai,Verna Fluidic,2014,5.5,Diesel,"79,649",Pune,"₹9,133"
267,Hyundai,Grand i10,2019,5.25,Petrol,"44,620",Delhi,"₹8,718"
268,Honda,Amaze 1,2017,5.35,Petrol,"58,235",Delhi,
269,Hyundai,Verna 1,2018,7.5,Petrol,"16,339",Kolkata,"₹12,455"
270,Ford,Endeavour Titanium,2017,,Diesel,"71,788",Hyderabad,
271,Hyundai,i20 Magna,2013,3.75,Petrol,"79,289",Kanpur,"₹6,227"
272,MINI,Cooper,2021,,Petrol,"11,725",Mumbai,"₹69,748"
273,Honda,City VX,2016,7.9,Petrol,"68,085",Pune,"₹13,119"
274,Volkswagen,Ameo Highline1,2018,6.9,Diesel,"74,290",Pune,"₹11,458"
275,Maruti,Suzuki Celerio,2022,5.95,Petrol,"12,290",Pune,"₹9,880"
276,Maruti,Suzuki Wagon,2018,4.75,CNG,"89,739",Pune,"₹7,888"
277,Maruti,Suzuki Vitara,2019,8.7,Diesel,"44,091",Pune,"₹14,447"
278,Maruti,Suzuki Vitara,2017,6.7,Diesel,"78,184",Delhi,"₹11,126"
279,Renault,Kwid RXT,2021,4.15,Petrol,"3,436",Kanpur,"₹6,891"
280,Maruti,Suzuki Ciaz,2017,8.25,Petrol,"41,468",Delhi,
281,Maruti,Suzuki Alto,2014,2.65,CNG,"65,952",Delhi,"₹4,400"
282,Honda,City 1,2014,5.78,Petrol,"47,554",Delhi,"₹9,598"
283,Maruti,Suzuki Swift,2019,5.8,Petrol,"58,595",Delhi,"₹9,631"
284,Mahindra,XUV500 W8,2013,6.58,Diesel,"58,865",Jamshedpur,"₹10,927"
285,Hyundai,Grand i10,2018,4.75,Petrol,"40,699",Lucknow,"₹7,888"
286,BMW,X1 sDrive20,2013,17.75,Diesel,"33,000",Bangalore,"₹29,476"
287,Skoda,Rapid Ambition,2019,10.25,Diesel,"1,11",Bangalore,"₹17,021"
288,Skoda,Rapid 1,2015,5.5,Petrol,"34,559",Pune,"₹9,133"
289,Hyundai,Venue S,2022,8.55,Petrol,"5,441",Mumbai,"₹14,198"
290,Maruti,Suzuki Ciaz,2015,5.85,Petrol,"74,000",Delhi,"₹9,714"
291,BMW,X7 xDrive40i,2021,1.21,Petrol,"25,000",Delhi,₹2.01 L
292,Audi,e-tron,2021,1.05,Electric,"16,945",Pune,₹1.74 L
293,Mercedes,Benz E,2018,47.75,Diesel,"15,000",Delhi,"₹79,296"
294,Maruti,Suzuki Wagon,2015,3.85,Petrol,"55,488",Lucknow,"₹6,393"
295,Toyota,Etios,2013,4.25,Petrol,"51,602",Pune,"₹7,057"
296,Hyundai,Creta E,2019,11.5,Diesel,"14,941",Pune,"₹19,097"
297,Hyundai,Verna Fluidic,2014,5.5,Diesel,"79,649",Pune,"₹9,133"
298,Hyundai,Grand i10,2019,5.25,Petrol,"44,620",Delhi,"₹8,718"
299,Honda,Amaze 1,2017,5.35,Petrol,"58,235",Delhi,
300,Hyundai,Verna 1,2018,7.5,Petrol,"16,339",Kolkata,"₹12,455"
301,Ford,Endeavour Titanium,2017,,Diesel,"71,788",Hyderabad,
302,Hyundai,i20 Magna,2013,3.75,Petrol,"79,289",Kanpur,"₹6,227"
303,Maruti,Suzuki Vitara,2017,6.7,Diesel,"78,184",Delhi,"₹11,126"
304,Renault,Kwid RXT,2021,4.15,Petrol,"3,436",Kanpur,"₹6,891"
305,Maruti,Suzuki Ciaz,2017,8.25,Petrol,"41,468",Delhi,
306,Maruti,Suzuki Alto,2014,2.65,CNG,"65,952",Delhi,"₹4,400"
307,Honda,City 1,2014,5.78,Petrol,"47,554",Delhi,"₹9,598"
308,Maruti,Suzuki Swift,2019,5.8,Petrol,"58,595",Delhi,"₹9,631"
309,Mahindra,XUV500 W8,2013,6.58,Diesel,"58,865",Jamshedpur,"₹10,927"
310,Hyundai,Grand i10,2018,4.75,Petrol,"40,699",Lucknow,"₹7,888"
311,Mercedes,Benz C,2019,,Petrol,"15,971",Mumbai,"₹64,766"
312,Toyota,Innova Crysta,2021,,Diesel,"19,742",Mumbai,"₹51,480"
313,Honda,City V,2018,9.2,Petrol,"22,117",Mumbai,"₹15,278"
314,Hyundai,Creta SX,2018,11.9,Petrol,"50,824",Mumbai,"₹19,761"
315,Maruti,Suzuki Swift,2017,6.25,Diesel,"24,982",Mumbai,"₹10,379"
316,Maruti,Suzuki Vitara,2019,8.7,Diesel,"44,091",Pune,"₹14,447"
317,Mercedes,Benz GLE,2017,45.5,Diesel,"34,000",Mumbai,"₹75,560"
318,Hyundai,i10 Magna,2008,1.1,Petrol,"68,187",Berhampore,
319,Hyundai,Grand i10,2020,7.75,Petrol,"17,000",Mumbai,
320,Volvo,S90 D4,2019,45.9,Diesel,"18,375",Delhi,"₹76,224"
321,Honda,City V,2018,8.7,Petrol,"68,143",Delhi,"₹14,447"
322,Audi,A3 35,2019,,Diesel,"75,000",Chennai,"₹39,856"
323,Maruti,Suzuki Baleno,2015,4.9,Diesel,"65,000",Delhi,"₹8,137"
324,Toyota,Innova 2,2014,8.95,Diesel,"1,45",Mumbai,
325,Maruti,Suzuki Wagon,2015,3.85,Petrol,"55,488",Lucknow,"₹6,393"
326,Toyota,Etios,2013,4.25,Petrol,"51,602",Pune,"₹7,057"
327,Skoda,Rapid 1,2015,5.5,Petrol,"34,559",Pune,"₹9,133"
328,Hyundai,Creta E,2019,11.5,Diesel,"14,941",Pune,"₹19,097"
329,Hyundai,Verna Fluidic,2014,5.5,Diesel,"79,649",Pune,"₹9,133"
330,Hyundai,Grand i10,2019,5.25,Petrol,"44,620",Delhi,"₹8,718"
331,Honda,Amaze 1,2017,5.35,Petrol,"58,235",Delhi,
332,Hyundai,Verna 1,2018,7.5,Petrol,"16,339",Kolkata,"₹12,455"
333,Ford,Endeavour Titanium,2017,,Diesel,"71,788",Hyderabad,
334,Hyundai,i20 Magna,2013,3.75,Petrol,"79,289",Kanpur,"₹6,227"
335,MINI,Cooper,2021,,Petrol,"11,725",Mumbai,"₹69,748"
336,Honda,City VX,2016,7.9,Petrol,"68,085",Pune,"₹13,119"
337,Volkswagen,Ameo Highline1,2018,6.9,Diesel,"74,290",Pune,"₹11,458"
338,Maruti,Suzuki Celerio,2022,5.95,Petrol,"12,290",Pune,"₹9,880"
339,Maruti,Suzuki Wagon,2018,4.75,CNG,"89,739",Pune,"₹7,888"
340,Maruti,Suzuki Vitara,2019,8.7,Diesel,"44,091",Pune,"₹14,447"
341,Maruti,Suzuki Vitara,2017,6.7,Diesel,"78,184",Delhi,"₹11,126"
342,Renault,Kwid RXT,2021,4.15,Petrol,"3,436",Kanpur,"₹6,891"
343,Maruti,Suzuki Ciaz,2017,8.25,Petrol,"41,468",Delhi,
344,Maruti,Suzuki Alto,2014,2.65,CNG,"65,952",Delhi,"₹4,400"
345,Honda,City 1,2014,5.78,Petrol,"47,554",Delhi,"₹9,598"
346,Maruti,Suzuki Swift,2019,5.8,Petrol,"58,595",Delhi,"₹9,631"
347,Mahindra,XUV500 W8,2013,6.58,Diesel,"58,865",Jamshedpur,"₹10,927"
348,Hyundai,Grand i10,2018,4.75,Petrol,"40,699",Lucknow,"₹7,888"
349,Honda,Amaze 1,2017,5.35,Petrol,"58,235",Delhi,
350,Audi,A4 35,2017,27.85,Diesel,"72,630",Bangalore,"₹46,249"
351,Maruti,Suzuki Alto,2010,1.75,Petrol,"75,000",Nashik,
352,Maruti,Suzuki Swift,2018,7.5,Diesel,"65,000",Hyderabad,"₹12,455"
353,Honda,City,2016,7.3,Petrol,"51,834",Bangalore,"₹12,122"
354,Mercedes,Benz S,2016,1.15,Petrol,"27,000",Delhi,
355,Mercedes,Benz C,2017,31.5,Diesel,"22,000",Delhi,"₹52,311"
356,Mahindra,XUV300 1,2019,10.99,Petrol,"25,320",Bangalore,"₹18,250"
357,Maruti,Suzuki Wagon,2015,3.85,Petrol,"55,488",Lucknow,"₹6,393"
358,Toyota,Etios,2013,4.25,Petrol,"51,602",Pune,"₹7,057"
359,Skoda,Rapid 1,2015,5.5,Petrol,"34,559",Pune,"₹9,133"
360,Hyundai,Creta E,2019,11.5,Diesel,"14,941",Pune,"₹19,097"
361,Hyundai,Verna Fluidic,2014,5.5,Diesel,"79,649",Pune,"₹9,133"
362,Hyundai,Grand i10,2019,5.25,Petrol,"44,620",Delhi,"₹8,718"
363,Hyundai,Verna 1,2018,7.5,Petrol,"16,339",Kolkata,"₹12,455"
364,Ford,Endeavour Titanium,2017,,Diesel,"71,788",Hyderabad,
365,Hyundai,i20 Magna,2013,3.75,Petrol,"79,289",Kanpur,"₹6,227"
366,Hyundai,Verna Fluidic,2013,5.7,Diesel,"79,592",Lucknow,"₹9,465"
367,Maruti,Suzuki Alto,2014,2.65,CNG,"65,952",Delhi,"₹4,400"
368,Honda,City 1,2014,5.78,Petrol,"47,554",Delhi,"₹9,598"
369,Maruti,Suzuki Vitara,2017,6.7,Diesel,"78,184",Delhi,"₹11,126"
370,Renault,Kwid RXT,2021,4.15,Petrol,"3,436",Kanpur,"₹6,891"
371,Maruti,Suzuki Ciaz,2017,8.25,Petrol,"41,468",Delhi,
372,Mahindra,XUV500 W8,2013,6.58,Diesel,"58,865",Jamshedpur,"₹10,927"
373,Maruti,Suzuki Swift,2019,5.8,Petrol,"58,595",Delhi,"₹9,631"
374,Hyundai,Grand i10,2018,4.75,Petrol,"40,699",Lucknow,"₹7,888"
375,Mercedes,Benz C,2019,,Petrol,"15,971",Mumbai,"₹64,766"
376,Toyota,Innova Crysta,2021,,Diesel,"19,742",Mumbai,"₹51,480"
377,Honda,City V,2018,9.2,Petrol,"22,117",Mumbai,"₹15,278"
378,Hyundai,Creta SX,2018,11.9,Petrol,"50,824",Mumbai,"₹19,761"
379,Maruti,Suzuki Swift,2017,6.25,Diesel,"24,982",Mumbai,"₹10,379"
380,Tata,Tigor Revotron,2019,4.99,Petrol,"54,299",Ranchi,"₹8,286"
381,Maruti,Suzuki Alto,2012,2.1,Petrol,"1,27",Kolkata,"₹3,487"
382,Mahindra,XUV300 1,2019,10.99,Petrol,"25,320",Bangalore,"₹18,250"
383,Toyota,Innova 2,2013,12.25,Diesel,"84,000",Bangalore,"₹20,343"
384,Maruti,Suzuki Celerio,2014,3.5,Petrol,"93,000",Panchkula,"₹5,812"
385,Land,Rover Discovery,2017,,Diesel,"68,000",Chennai,"₹79,712"
386,Hyundai,Elite i20,2017,5.91,Petrol,"20,281",Mumbai,
387,Jeep,Compass Limited,2017,13.75,Petrol,"54,351",Mumbai,"₹22,834"
388,Maruti,Suzuki Wagon,2015,3.85,Petrol,"55,488",Lucknow,"₹6,393"
389,Toyota,Etios,2013,4.25,Petrol,"51,602",Pune,"₹7,057"
390,Skoda,Rapid 1,2015,5.5,Petrol,"34,559",Pune,"₹9,133"
391,Hyundai,Creta E,2019,11.5,Diesel,"14,941",Pune,"₹19,097"
392,Hyundai,Verna Fluidic,2014,5.5,Diesel,"79,649",Pune,"₹9,133"
393,Hyundai,Grand i10,2019,5.25,Petrol,"44,620",Delhi,"₹8,718"
394,Honda,Amaze 1,2017,5.35,Petrol,"58,235",Delhi,
395,Hyundai,Verna 1,2018,7.5,Petrol,"16,339",Kolkata,"₹12,455"
396,Ford,Endeavour Titanium,2017,,Diesel,"71,788",Hyderabad,
397,Hyundai,i20 Magna,2013,3.75,Petrol,"79,289",Kanpur,"₹6,227"
398,Maruti,Suzuki Vitara,2017,6.7,Diesel,"78,184",Delhi,"₹11,126"
399,Renault,Kwid RXT,2021,4.15,Petrol,"3,436",Kanpur,"₹6,891"
400,Maruti,Suzuki Ciaz,2017,8.25,Petrol,"41,468",Delhi,
401,Honda,City 1,2014,5.78,Petrol,"47,554",Delhi,"₹9,598"
402,Maruti,Suzuki Alto,2014,2.65,CNG,"65,952",Delhi,"₹4,400"
403,Maruti,Suzuki Swift,2019,5.8,Petrol,"58,595",Delhi,"₹9,631"
404,Mahindra,XUV500 W8,2013,6.58,Diesel,"58,865",Jamshedpur,"₹10,927"
405,Hyundai,Grand i10,2018,4.75,Petrol,"40,699",Lucknow,"₹7,888"
406,Toyota,Innova Crysta,2021,,Diesel,"19,742",Mumbai,"₹51,480"
407,Honda,City V,2018,9.2,Petrol,"22,117",Mumbai,"₹15,278"
408,Hyundai,Creta SX,2018,11.9,Petrol,"50,824",Mumbai,"₹19,761"
409,Maruti,Suzuki Swift,2017,6.25,Diesel,"24,982",Mumbai,"₹10,379"
410,Mercedes,Benz C,2019,,Petrol,"15,971",Mumbai,"₹64,766"
411,MINI,Cooper,2021,,Petrol,"11,725",Mumbai,"₹69,748"
